01-REG|02-NUM_ITEM|03-COD_ITEM|04-DESCR_COMPL|05-QTD|06-UNID|07-VL_ITEM|08-VL_DESC|09-IND_MOV|10-CST_ICMS|11-CFOP|12-COD_NAT|13-VL_BC_ICMS|14-ALIQ_ICMS|15-VL_ICMS|16-VL_BC_ICMS_ST|17-ALIQ_ST|18-VL_ICMS_ST|19-IND_APUR|20-CST_IPI|21-COD_ENQ|22-VL_BC_IPI|23-ALIQ_IPI|24-VL_IPI|25-CST_PIS|26-VL_BC_PIS|27-ALIQ_PIS|28-QUANT_BC_PIS|29-ALIQ_PIS_REAIS|30-VL_PIS|31-CST_COFINS|32-VL_BC_COFINS|33-ALIQ_COFINS|34-QUANT_BC_COFINS|35-ALIQ_COFINS_REAIS|36-VL_COFINS|37-COD_CTA|38-VL_ABAT_NT|39-LINHA
C170|1|PRO08001001-44|Arco Cirúrgico Ziehm Modelo 8000BR|1|UN|158792,22|0|0|600|5102|512|158792,22|4|6351,69|0|0|0|0|53|999|0|0|0|01|158792,22|1,65|||2620,07|01|158792,22|7,6|||12068,21|9999||581
C170|1|PRO01116061-101|ECOGRAFO E-CUBE 5-W - 20006050 - IMP|1|UN|27658,89|0|0|600|5102|512|27658,89|4|1106,36|0|0|0|0|53|999|0|0|0|01|27658,89|1,65|||456,37|01|27658,89|7,6|||2102,08|1532||584
C170|1|PRO03113033-50|CONTROLADORA DE RAIO-X|1|PC|11231,33|0|0|100|5102|512|11231,33|4|449,25|0|0|0|0|53|999|0|0|0|01|11231,33|1,65|||185,32|01|11231,33|7,6|||853,58|9999||590
C170|1|PRO03121223-44|IMAGEM DE MEMORIA V2-1/2K-2 - R14470 - IMP|1|PC|47771,1|0|0|100|5102|51200|47771,1|17|8121,09|0|0|0|0|53|999|0|0|0|01|47771,1|1,65|||788,22|01|47771,1|7,6|||3630,6|1534||594
C170|2|PRO03121174-44|CABO P0 7000/8000/VISTA 7.5M 24815 - IMP.|1|PC|19968|0|0|100|5102|51200|19968|17|3394,56|0|0|0|0|53|999|0|0|0|01|19968|1,65|||329,47|01|19968|7,6|||1517,57|9999||595
C170|1|PRO25002001-3|Henetix 300   50ml|100|FR|3600|0|0|800|6108|61200|3600|4|144|0|0|0|0|53|999|0|0|0|06|0|0|||0|06|0|0|||0|9999||601
C170|1|PRO04007006-45|TUBO DE CABECA PROLINE XEC - 10010327 |1|PC|364,04|0|0|200|5102|512|364,04|17|61,89|0|0|0|0|53|999|0|0|0|01|364,04|1,65|||6,01|01|364,04|7,6|||27,67|9999||605
C170|1|PRO03115454-50|Correia de caixa de transmissão - 32 PITCH - 2-230-4011 - Imp|1|PC|105,63|0|0|100|5102|512|105,63|4|4,23|0|0|0|0|53|999|0|0|0|01|105,63|1,65|||1,74|01|105,63|7,6|||8,03|9999||609
C170|1|PRO03115598-50|Sup disp. Biopsia manan PN3-000-2044 - Importado|1|PC|2281,88|0|0|100|5102|512|2281,88|4|91,28|0|0|0|0|53|999|0|0|0|01|2281,88|1,65|||37,65|01|2281,88|7,6|||173,42|9999||612
C170|1|PRO57001002-50|Par de monitores Barco Coronics 5MP|1|UN|8623,3|0|0|200|5102|512|8623,3|17|1465,96|0|0|0|0|53|999|0|0|0|01|8623,3|1,65|||142,28|01|8623,3|7,6|||655,37|9999||623
C170|1|PRO01223003-50|DENSITÔMETRO ÓSSEO HORIZON WI|1|UN|159900|0|0|700|5102|51200|159900|17|27183|0|0|0|0|53|999|0|0|0|01|159900|1,65|||2638,35|01|159900|7,6|||12152,4|1532||628
C170|2|PRO03223009-50|SOFTWARE PARA DENSITOMETRIA OSSEA|1|PC|106600|0|0|140|5102|51200|0|0|0|0|0|0|0|53|999|0|0|0|01|106600|1,65|||1758,9|01|106600|7,6|||8101,6|1534||629
C170|3|PRO03225007-50|CAIXA PLASTICA CONTENDO CD ROOM|1|PC|50|0|0|200|5102|51200|50|17|8,5|0|0|0|0|53|999|0|0|0|01|50|1,65|||0,83|01|50|7,6|||3,8|1534||630
C170|1|PRO03003052-999|IMPRESSORA HP OFFICEJET 8210 PRO|1|PC|1000|0|0|400|5102|51200|1000|17|170|0|0|0|0|53|999|0|0|0|01|1000|1,65|||16,5|01|1000|7,6|||76|1534||634
C170|2|PRO03005184-999|NOBREAK TITAN PRO 3KVA|1|PC|2450|0|0|300|5102|51200|2450|17|416,5|0|0|0|0|53|999|0|0|0|01|2450|1,65|||40,43|01|2450|7,6|||186,2|1534||635
C170|1|PRO03019320-50|Rele K1 - 4000100042|3|PC|273,66|0|0|200|5102|512|273,66|17|46,52|0|0|0|0|53|999|0|0|0|01|273,66|1,65|||4,52|01|273,66|7,6|||20,8|9999||639
C170|2|PRO03001123-39|Teclado|1|PC|402,97|0|0|200|5102|512|402,97|17|68,5|0|0|0|0|53|999|0|0|0|01|402,97|1,65|||6,65|01|402,97|7,6|||30,63|9999||640
C170|3|PRO03019447-50|Roldanas -  4000300066|3|PC|52,62|0|0|200|5102|512|52,62|17|8,95|0|0|0|0|53|999|0|0|0|01|52,62|1,65|||0,87|01|52,62|7,6|||4|9999||641
C170|4|PRO03001414-999|CONVERSOR TVPC RCAXVGA|1|PC|93,44|0|0|200|5102|512|93,44|17|15,88|0|0|0|0|53|999|0|0|0|01|93,44|1,65|||1,54|01|93,44|7,6|||7,1|1534||642
C170|5|PRO03001415-999|ADAPTADOR RCAXJACK F|1|PC|2,78|0|0|200|5102|512|2,78|17|0,47|0|0|0|0|53|999|0|0|0|01|2,78|1,65|||0,05|01|2,78|7,6|||0,21|1534||643
C170|6|PRO03005107-999|MEMORIA 8GB DDR3P/SERVIDOR KINGSTON|2|PC|2197,96|0|0|200|5102|512|2197,96|17|373,65|0|0|0|0|53|999|0|0|0|01|2197,96|1,65|||36,27|01|2197,96|7,6|||167,04|1534||644
C170|7|PRO03005130-999|TECLADO GAMER ILUMINADO REDRAGON HARPE K503|1|PC|130,03|0|0|000|5102|512|130,03|17|22,11|0|0|0|0|53|999|0|0|0|01|130,03|1,65|||2,15|01|130,03|7,6|||9,88|1534||645
C170|9|PRO03019473-50|Rolamento Radial Blindado -  4000300046|2|PC|92,52|0|0|200|5102|512|92,52|17|15,73|0|0|0|0|53|999|0|0|0|01|92,52|1,65|||1,53|01|92,52|7,6|||7,03|9999||647
C170|10|PRO03019488-50|Correia de Compressão - 4000100133|3|PC|72,42|0|0|200|5102|512|72,42|17|12,31|0|0|0|0|53|999|0|0|0|01|72,42|1,65|||1,19|01|72,42|7,6|||5,5|9999||648
C170|11|PRO03019497-50|Placa de Controle do Buck -  4000100384|2|PC|125,8|0|0|000|5102|512|125,8|17|21,39|0|0|0|0|53|999|0|0|0|01|125,8|1,65|||2,08|01|125,8|7,6|||9,56|9999||649
C170|12|PRO03019507-50|Correia de Transmissão para cima/baixo (pequena) - 4000100287|1|PC|75,69|0|0|200|5102|512|75,69|17|12,87|0|0|0|0|53|999|0|0|0|01|75,69|1,65|||1,25|01|75,69|7,6|||5,75|9999||650
C170|13|PRO03019509-50|Potenciometro 10V 5000HM - 4000100089|34|PC|6233,9|0|0|200|5102|512|6233,9|17|1059,76|0|0|0|0|53|999|0|0|0|01|6233,9|1,65|||102,86|01|6233,9|7,6|||473,78|9999||651
C170|14|PRO03001443-46|BANNER ADVERTENCIA MRI HITACHI|8|PC|80,24|0|0|200|5102|512|80,24|17|13,64|0|0|0|0|53|999|0|0|0|01|80,24|1,65|||1,32|01|80,24|7,6|||6,1|1534||652
C170|15|PRO03001446-46|CAPACITOR HITACHI 7006.00003|3|PC|30,75|0|0|000|5102|512|30,75|17|5,23|0|0|0|0|53|999|0|0|0|01|30,75|1,65|||0,51|01|30,75|7,6|||2,34|1534||653
C170|16|PRO03005147-999|ROTEADOR E REPETIDOR DIR 809 C/3 ANTENAS D LINK|1|PC|120,11|0|0|000|5102|512|120,11|17|20,42|0|0|0|0|53|999|0|0|0|01|120,11|1,65|||1,98|01|120,11|7,6|||9,13|1534||654
C170|17|PRO03005148-999|ADAPTADOR USB WIRELES ARCHER T4UH AC 1200|1|PC|188,28|0|0|000|5102|512|188,28|17|32,01|0|0|0|0|53|999|0|0|0|01|188,28|1,65|||3,11|01|188,28|7,6|||14,31|1534||655
C170|18|PRO03005155-999|CABO DELL P/ CONTROLADORA SAS SATA NJ056|3|PC|1515,15|0|0|200|5102|512|1515,15|17|257,58|0|0|0|0|53|999|0|0|0|01|1515,15|1,65|||25|01|1515,15|7,6|||115,15|1534||656
C170|19|PRO03005161-71|PLACA GRAFICA MXRT 2600|1|PC|1257,47|0|0|200|5102|512|1257,47|17|213,77|0|0|0|0|53|999|0|0|0|01|1257,47|1,65|||20,75|01|1257,47|7,6|||95,57|1534||657
C170|20|PRO03005172-999|MEMORIA 1GB DDR2 2XR4|2|PC|219,8|0|0|200|5102|512|219,8|17|37,37|0|0|0|0|53|999|0|0|0|01|219,8|1,65|||3,63|01|219,8|7,6|||16,7|1534||658
C170|21|PRO03019525-50|Correia de Transmissão para cima/baixo -  4000100288|1|PC|132,56|0|0|200|5102|512|132,56|17|22,54|0|0|0|0|53|999|0|0|0|01|132,56|1,65|||2,19|01|132,56|7,6|||10,07|9999||659
C170|22|PRO03019526-50|Placa de Receptor de Imagem -  4000100005|6|PC|4420,2|0|0|200|5102|512|4420,2|17|751,43|0|0|0|0|53|999|0|0|0|01|4420,2|1,65|||72,93|01|4420,2|7,6|||335,94|9999||660
C170|23|PRO03019532-50|Placa Geradora -  4000100101|1|PC|479,66|0|0|200|5102|512|479,66|17|81,54|0|0|0|0|53|999|0|0|0|01|479,66|1,65|||7,91|01|479,66|7,6|||36,45|9999||661
C170|24|PRO03019534-50|Sensor EL -  4000100129|1|PC|40,98|0|0|200|5102|512|40,98|17|6,97|0|0|0|0|53|999|0|0|0|01|40,98|1,65|||0,68|01|40,98|7,6|||3,11|9999||662
C170|25|PRO03019554-50|Tube Head -  4000100012|1|PC|375,97|0|0|200|5102|512|375,97|17|63,91|0|0|0|0|53|999|0|0|0|01|375,97|1,65|||6,2|01|375,97|7,6|||28,57|9999||663
C170|26|PRO03019592-50|Fonte de baixa tensao 15V PWR -  4000100167|1|PC|153,49|0|0|700|5102|512|153,49|17|26,09|0|0|0|0|53|999|0|0|0|01|153,49|1,65|||2,53|01|153,49|7,6|||11,67|9999||664
C170|27|PRO03008846-999|Auto Transformador Monofásico 3 KVA VP220 VS240|1|PC|654,95|0|0|200|5102|512|654,95|17|111,34|0|0|0|0|53|999|0|0|0|01|654,95|1,65|||10,81|01|654,95|7,6|||49,78|9999||665
C170|28|PRO03019021-50|Conector Femea - 3-000-5053|1|PC|144,66|0|0|200|5102|512|144,66|17|24,59|0|0|0|0|53|999|0|0|0|01|144,66|1,65|||2,39|01|144,66|7,6|||10,99|9999||666
C170|29|PRO03019022-50|Fusivel 30A - 1-070-1119|3|PC|158,25|0|0|200|5102|512|158,25|17|26,9|0|0|0|0|53|999|0|0|0|01|158,25|1,65|||2,61|01|158,25|7,6|||12,03|9999||667
C170|30|PRO03019038-50|Cabo de conexao 1-040-0812|1|PC|47,94|0|0|200|5102|512|47,94|17|8,15|0|0|0|0|53|999|0|0|0|01|47,94|1,65|||0,79|01|47,94|7,6|||3,64|9999||668
C170|31|PRO03019042-50|Lampada do Colimador FDT 12/100w - 0-02-008|1|PC|22,8|0|0|200|5102|512|22,8|17|3,88|0|0|0|0|53|999|0|0|0|01|22,8|1,65|||0,38|01|22,8|7,6|||1,73|9999||669
C170|32|PRO03019678-50|Rolamento Radial - 4000300045|1|PC|12,8|0|0|200|5102|512|12,8|17|2,18|0|0|0|0|53|999|0|0|0|01|12,8|1,65|||0,21|01|12,8|7,6|||0,97|9999||670
C170|33|PRO03008110-1|Código de Barra 18 x 24cm - SP7H2268|8|PC|112,08|0|0|200|5102|512|112,08|17|19,05|0|0|0|0|53|999|0|0|0|01|112,08|1,65|||1,85|01|112,08|7,6|||8,52|9999||671
C170|34|PRO03101152-999|Cabo p/ Monitor DVI|1|PC|22,69|0|0|000|5102|512|22,69|17|3,86|0|0|0|0|53|999|0|0|0|01|22,69|1,65|||0,37|01|22,69|7,6|||1,72|9999||672
C170|35|PRO03010011-1|Codigo de Barra 35x43 - 7C6678|6|PC|109,2|0|0|200|5102|512|109,2|17|18,56|0|0|0|0|53|999|0|0|0|01|109,2|1,65|||1,8|01|109,2|7,6|||8,3|9999||673
C170|36|PRO03010068-1|Código de Barra 24x30 - SP7H2267|10|PC|126,6|0|0|200|5102|512|126,6|17|21,52|0|0|0|0|53|999|0|0|0|01|126,6|1,65|||2,09|01|126,6|7,6|||9,62|9999||674
C170|37|PRO03002148-999|ESTABILIZADOR TENSÃO MICROPROCESSADO 75KVA TE: 380V TS: 200/115V|4|PC|123714,24|0|0|000|5102|512|123714,24|17|21031,42|0|0|0|0|53|999|0|0|0|01|123714,24|1,65|||2041,28|01|123714,24|7,6|||9402,28|1534||675
C170|38|PRO03019080-50|Cabo 75 Pes - 1-040-1275|2|PC|706,76|0|0|200|5102|512|706,76|17|120,15|0|0|0|0|53|999|0|0|0|01|706,76|1,65|||11,66|01|706,76|7,6|||53,71|9999||676
C170|39|PRO03002149-999|QUADRO DE DISTRIBUIÇÃO E COMANDO CT SUPRIA|3|PC|30759,21|0|0|000|5102|512|30759,21|17|5229,07|0|0|0|0|53|999|0|0|0|01|30759,21|1,65|||507,53|01|30759,21|7,6|||2337,7|1534||677
C170|40|PRO03002151-999|PROTOTIPO MACA IMOBILIZADORA PN 134030|1|PC|855,71|0|0|200|5102|512|855,71|17|145,47|0|0|0|0|53|999|0|0|0|06|855,71|0|||0|06|855,71|0|||0|1534||678
C170|41|PRO03019131-50|Placa Controladora Motor - 140-0085 / PCB-00084|1|PC|1151,98|0|0|200|5102|512|1151,98|17|195,84|0|0|0|0|53|999|0|0|0|01|1151,98|1,65|||19,01|01|1151,98|7,6|||87,55|9999||679
C170|42|PRO03019132-50|Placa Motor - 140-0085 / PCB-00084|1|PC|629,61|0|0|200|5102|512|629,61|17|107,03|0|0|0|0|53|999|0|0|0|01|629,61|1,65|||10,39|01|629,61|7,6|||47,85|9999||680
C170|43|PRO03019144-50|Fibra Otica da Comunicação - CBL-00465|1|PC|165,75|0|0|200|5102|512|165,75|17|28,18|0|0|0|0|53|999|0|0|0|01|165,75|1,65|||2,73|01|165,75|7,6|||12,6|9999||681
C170|44|PRO03019148-50|Deslocador da Lampada - 3-000-5082|1|PC|1810,26|0|0|200|5102|512|1810,26|17|307,74|0|0|0|0|53|999|0|0|0|01|1810,26|1,65|||29,87|01|1810,26|7,6|||137,58|9999||682
C170|45|PRO03019157-50|Conjunto Ventoinha - 3-000-3230 - FAN-00079|1|PC|59,07|0|0|200|5102|512|59,07|17|10,04|0|0|0|0|53|999|0|0|0|01|59,07|1,65|||0,97|01|59,07|7,6|||4,49|9999||683
C170|46|PRO03019158-50|Regulador de Pressão - SR-6026-01|1|PC|138,67|0|0|200|5102|512|138,67|17|23,57|0|0|0|0|53|999|0|0|0|01|138,67|1,65|||2,29|01|138,67|7,6|||10,54|9999||684
C170|47|PRO03019168-50|Chave Angulação do C-arm - ASY-01503|1|PC|9183,68|0|0|200|5102|512|9183,68|17|1561,23|0|0|0|0|53|999|0|0|0|01|9183,68|1,65|||151,53|01|9183,68|7,6|||697,96|9999||685
C170|48|PRO03019189-50|Membrana 2x3 Inteira - 1-0920011|4|PC|806,48|0|0|200|5102|512|806,48|17|137,1|0|0|0|0|53|999|0|0|0|01|806,48|1,65|||13,31|01|806,48|7,6|||61,29|9999||686
C170|49|PRO03003038-999|Pente de Memória RAM DDR II 1GB 226MHZ|1|PC|168,97|0|0|200|5102|512|168,97|17|28,72|0|0|0|0|53|999|0|0|0|01|168,97|1,65|||2,79|01|168,97|7,6|||12,84|9999||687
C170|50|PRO03003040-999|HD SEAGATA 80 GB Padrão SATA|1|PC|185,94|0|0|200|5102|512|185,94|17|31,61|0|0|0|0|53|999|0|0|0|01|185,94|1,65|||3,07|01|185,94|7,6|||14,13|9999||688
C170|51|PRO03003053-999|MEMORIA DDR3 2GB 1333 MARKVISION PC10600|1|PC|138,76|0|0|200|5102|512|138,76|17|23,59|0|0|0|0|53|999|0|0|0|01|138,76|1,65|||2,29|01|138,76|7,6|||10,55|1534||689
C170|52|PRO03019206-50|Compressor 24x30 - 3-535-0069|33|PC|3890,04|0|0|200|5102|512|3890,04|17|661,31|0|0|0|0|53|999|0|0|0|01|3890,04|1,65|||64,19|01|3890,04|7,6|||295,64|9999||690
C170|53|PRO03019230-50|Placa Geradora - 4000100101|2|PC|969,54|0|0|200|5102|512|969,54|17|164,82|0|0|0|0|53|999|0|0|0|01|969,54|1,65|||16|01|969,54|7,6|||73,69|9999||691
C170|54|PRO03019231-50|Kit Bandeja de Compressão - 4000100079|1|PC|1234,81|0|0|200|5102|512|1234,81|17|209,92|0|0|0|0|53|999|0|0|0|01|1234,81|1,65|||20,37|01|1234,81|7,6|||93,85|9999||692
C170|55|PRO03019235-50|Placa de Encoder do Drum - 4000300022|1|PC|107,3|0|0|200|5102|512|107,3|17|18,24|0|0|0|0|53|999|0|0|0|01|107,3|1,65|||1,77|01|107,3|7,6|||8,15|9999||693
C170|56|PRO03019238-50|Placa de Interface -4000100300|2|PC|268,16|0|0|700|5102|512|268,16|17|45,59|0|0|0|0|53|999|0|0|0|01|268,16|1,65|||4,42|01|268,16|7,6|||20,38|9999||694
C170|57|PRO03019245-50|Placa de Controle do Tubo - 4000800015|1|PC|1824,99|0|0|200|5102|512|1824,99|17|310,25|0|0|0|0|53|999|0|0|0|01|1824,99|1,65|||30,11|01|1824,99|7,6|||138,7|9999||695
C170|58|PRO03019246-50|Placa Mãe - 4000800016|1|PC|3557,54|0|0|200|5102|512|3557,54|17|604,78|0|0|0|0|53|999|0|0|0|01|3557,54|1,65|||58,7|01|3557,54|7,6|||270,37|9999||696
C170|59|PRO03019247-50|Fonte de Baixa - 4000100037|6|PC|1462,2|0|0|200|5102|512|1462,2|17|248,57|0|0|0|0|53|999|0|0|0|01|1462,2|1,65|||24,13|01|1462,2|7,6|||111,13|9999||697
C170|60|PRO03019268-50|Painel de Controle -  4000300084|1|PC|100,43|0|0|000|5102|512|100,43|17|17,07|0|0|0|0|53|999|0|0|0|01|100,43|1,65|||1,66|01|100,43|7,6|||7,63|9999||698
C170|61|PRO03019273-50|Placa Drive TZ - 4000300017|2|PC|4059,08|0|0|200|5102|512|4059,08|17|690,04|0|0|0|0|53|999|0|0|0|01|4059,08|1,65|||66,97|01|4059,08|7,6|||308,49|9999||699
C170|62|PRO03019275-50|Placa de Processamento - 4000100302|1|PC|2856,03|0|0|700|5102|512|2856,03|17|485,53|0|0|0|0|53|999|0|0|0|01|2856,03|1,65|||47,12|01|2856,03|7,6|||217,06|9999||700
C170|63|PRO03019310-50|Placa Microprocessadora Principal -  4000100400|1|PC|355,99|0|0|000|5102|512|355,99|17|60,52|0|0|0|0|53|999|0|0|0|01|355,99|1,65|||5,87|01|355,99|7,6|||27,06|9999||701
C170|64|PRO03004082-89|ETIQUETA PAINEL GITO IT 1|1|PC|5,69|0|0|000|5102|512|5,69|17|0,97|0|0|0|0|53|999|0|0|0|01|5,69|1,65|||0,09|01|5,69|7,6|||0,43|1534||702
C170|65|PRO03005188-39|FONTE DELL PRECISION 690|1|PC|965,77|0|0|200|5102|512|965,77|17|164,18|0|0|0|0|53|999|0|0|0|01|965,77|1,65|||15,94|01|965,77|7,6|||73,4|1534||703
C170|66|PRO03019312-50|Placa de Proteção Filamento - 1-003-0289|6|PC|294,18|0|0|200|5102|512|294,18|17|50,01|0|0|0|0|53|999|0|0|0|01|294,18|1,65|||4,85|01|294,18|7,6|||22,36|9999||704
C170|67|PRO03005051-999|Estabilizador de tensao 15 KVA Entrada 220V Saida 220V|1|PC|9507,66|0|0|000|5102|512|9507,66|17|1616,3|0|0|0|0|53|999|0|0|0|01|9507,66|1,65|||156,88|01|9507,66|7,6|||722,58|9999||705
C170|68|PRO03019353-50|Deslocador da Lâmpada - 4000100059|12|PC|21761,64|0|0|200|5102|512|21761,64|17|3699,48|0|0|0|0|53|999|0|0|0|01|21761,64|1,65|||359,07|01|21761,64|7,6|||1653,88|9999||706
C170|69|PRO03019365-50|Placa de Captura DSM - 4000300107|1|PC|2012,39|0|0|200|5102|512|2012,39|17|342,11|0|0|0|0|53|999|0|0|0|01|2012,39|1,65|||33,2|01|2012,39|7,6|||152,94|9999||707
C170|70|PRO03019378-50|Projetor de Caracteres -  4000100190|1|PC|9166,62|0|0|200|5102|512|9166,62|17|1558,33|0|0|0|0|53|999|0|0|0|01|9166,62|1,65|||151,25|01|9166,62|7,6|||696,66|9999||708
C170|71|PRO03001370-999|FUSIVEL F101 24X65X111 100A 700V 200KA|10|PC|676,1|0|0|000|5102|512|676,1|17|114,94|0|0|0|0|53|999|0|0|0|01|676,1|1,65|||11,16|01|676,1|7,6|||51,38|1534||709
C170|72|PRO03005092-999|Engrenagem do Motor ASSY-Actuator PN# 3.000.5072|1|PC|282,58|0|0|000|5102|512|282,58|17|48,04|0|0|0|0|53|999|0|0|0|01|282,58|1,65|||4,66|01|282,58|7,6|||21,48|9999||710
C170|74|PRO03008677-999|HD Sata 500GB|1|PC|295,45|0|0|000|5102|512|295,45|17|50,23|0|0|0|0|53|999|0|0|0|01|295,45|1,65|||4,87|01|295,45|7,6|||22,45|9999||712
C170|1|PRO04005380-50|PLACA DE INTERFACE - PCB-00123|1|PC|235,03|0|0|200|5102|512|235,03|17|39,96|0|0|0|0|53|999|0|0|0|01|235,03|1,65|||3,88|01|235,03|7,6|||17,86|1535||715
C170|2|PRO04005403-999|HD SEAGATE ENTERPRISE 1 TB SAS 3,5 12 GBPS|1|PC|74,74|0|0|200|5102|512|74,74|17|12,71|0|0|0|0|53|999|0|0|0|01|74,74|1,65|||1,23|01|74,74|7,6|||5,68|1535||716
C170|3|PRO04001150-46|HD PARA CONSOLE PN 7437779A|1|PC|225,53|0|0|200|5102|512|225,53|17|38,34|0|0|0|0|53|999|0|0|0|01|225,53|1,65|||3,72|01|225,53|7,6|||17,14|1535||717
C170|4|PRO58001025-5|Avental Prot. O Genitais 40x45cm 1MMPB - PFP40NAZ|1|UN|545,7|0|0|000|5102|512|545,7|17|92,77|0|0|0|0|53|999|0|0|0|01|545,7|1,65|||9|01|545,7|7,6|||41,47|9999||718
C170|5|PRO57001003-50|Adaptador Estereoloc STX-2|1|UN|3547,02|0|0|200|5102|512|3547,02|17|602,99|0|0|0|0|53|999|0|0|0|01|3547,02|1,65|||58,53|01|3547,02|7,6|||269,57|9999||719
C170|6|PRO04005011-50|RECEPTOR DE IMAGEM - PN ASY-01389|1|PC|12170,62|0|0|200|5102|512|12170,62|17|2069,01|0|0|0|0|53|999|0|0|0|01|12170,62|1,65|||200,82|01|12170,62|7,6|||924,97|9999||720
C170|7|PRO04005111-50|FILTROS PARA MOVIMENTAÇÃO E POSICIONAMENTO DOS RAIOS-X - PN ASY-01306-R|1|PC|1080,77|0|0|200|5102|512|1080,77|17|183,73|0|0|0|0|53|999|0|0|0|01|1080,77|1,65|||17,83|01|1080,77|7,6|||82,14|9999||721
C170|8|PRO04005304-50|DISPLAY LCD PN ASY-01353 |1|PC|1200,11|0|0|200|5102|512|1200,11|17|204,02|0|0|0|0|53|999|0|0|0|01|1200,11|1,65|||19,8|01|1200,11|7,6|||91,21|9999||722
C170|9|PRO30001083-999|Cabo condutor eletro|1|PC|32,18|0|0|000|5102|512|32,18|17|5,47|0|0|0|0|53|999|0|0|0|01|32,18|1,65|||0,53|01|32,18|7,6|||2,45|9999||723
C170|10|PRO55027015-5|Ecran Lumax 30x40cm|1|UN|744,06|0|0|200|5102|512|744,06|17|126,49|0|0|0|0|53|999|0|0|0|01|744,06|1,65|||12,28|01|744,06|7,6|||56,55|9999||724
C170|11|PRO04009002-1|Monitor LCD 3 MPl Grayscale- 6580815|1|PC|7730,63|0|0|000|5102|512|7730,63|17|1314,21|0|0|0|0|53|999|0|0|0|01|7730,63|1,65|||127,56|01|7730,63|7,6|||587,53|9999||725
C170|12|PRO03131004-999|ESTABILIZADOR DE TENSÃO OMEGA 3KVA ENT 220 SAIDA 120 PN 923176|1|UN|3351,39|0|0|400|5102|512|3351,39|17|569,74|0|0|0|0|53|999|0|0|0|01|3351,39|1,65|||55,3|01|3351,39|7,6|||254,71|1534||726
C170|13|PRO03131011-999|SUPORTE DA PISTOLA STX PN SPI12STX|1|UN|887,5|0|0|000|5102|512|887,5|17|150,88|0|0|0|0|53|999|0|0|0|01|887,5|1,65|||14,64|01|887,5|7,6|||67,45|1534||727
C170|14|PRO03132010-50|FUSIVEL T5000 50077-010|5|PC|31,2|0|0|700|5102|512|31,2|17|5,3|0|0|0|0|53|999|0|0|0|01|31,2|1,65|||0,51|01|31,2|7,6|||2,37|9999||728
C170|15|PRO03132011-50|FUSIVEL T5000 50077-011|5|PC|6,6|0|0|700|5102|512|6,6|17|1,12|0|0|0|0|53|999|0|0|0|01|6,6|1,65|||0,11|01|6,6|7,6|||0,5|9999||729
C170|16|PRO03132012-50|FUSIVEL T5000 50077-013|5|PC|6,6|0|0|700|5102|512|6,6|17|1,12|0|0|0|0|53|999|0|0|0|01|6,6|1,65|||0,11|01|6,6|7,6|||0,5|9999||730
C170|17|PRO03132013-50|FUSIVEL T5000 50077-016|5|PC|31,25|0|0|700|5102|512|31,25|17|5,31|0|0|0|0|53|999|0|0|0|01|31,25|1,65|||0,52|01|31,25|7,6|||2,38|9999||731
C170|18|PRO03132014-50|FUSIVEL T5000 50077-019|5|PC|6,95|0|0|700|5102|512|6,95|17|1,18|0|0|0|0|53|999|0|0|0|01|6,95|1,65|||0,11|01|6,95|7,6|||0,53|9999||732
C170|19|PRO03132015-50|FUSIVEL T5000 50077-020|6|PC|14,94|0|0|700|5102|512|14,94|17|2,54|0|0|0|0|53|999|0|0|0|01|14,94|1,65|||0,25|01|14,94|7,6|||1,14|9999||733
C170|20|PRO03132016-50|FUSIVEL T5000 50077-021|3|PC|4,17|0|0|700|5102|512|4,17|17|0,71|0|0|0|0|53|999|0|0|0|01|4,17|1,65|||0,07|01|4,17|7,6|||0,32|9999||734
C170|21|PRO03132017-50|FUSIVEL T5000 53245-015|5|PC|6,9|0|0|700|5102|512|6,9|17|1,17|0|0|0|0|53|999|0|0|0|01|6,9|1,65|||0,11|01|6,9|7,6|||0,52|9999||735
C170|22|PRO03132018-50|CHAVE SEL TP5000 50714-001|2|PC|57,72|0|0|200|5102|512|57,72|17|9,81|0|0|0|0|53|999|0|0|0|01|57,72|1,65|||0,95|01|57,72|7,6|||4,39|9999||736
C170|23|PRO03132019-50|INTERRUPTOR TP5000 52874-001|2|PC|20,34|0|0|200|5102|512|20,34|17|3,46|0|0|0|0|53|999|0|0|0|01|20,34|1,65|||0,34|01|20,34|7,6|||1,55|9999||737
C170|24|PRO03132020-50|CABO TP5000 52899-001|1|PC|23,84|0|0|200|5102|512|23,84|17|4,05|0|0|0|0|53|999|0|0|0|01|23,84|1,65|||0,39|01|23,84|7,6|||1,81|9999||738
C170|25|PRO03132021-50|CABO ENT TP5000 71730-001|1|PC|241,48|0|0|200|5102|512|241,48|17|41,05|0|0|0|0|53|999|0|0|0|01|241,48|1,65|||3,98|01|241,48|7,6|||18,35|9999||739
C170|26|PRO03132022-50|CABO ENT TP5000 71731-001|1|PC|132,22|0|0|200|5102|512|132,22|17|22,48|0|0|0|0|53|999|0|0|0|01|132,22|1,65|||2,18|01|132,22|7,6|||10,05|9999||740
C170|27|PRO03132023-50|CABO CONEC TP5000 71885-001|2|PC|18,38|0|0|200|5102|512|18,38|17|3,12|0|0|0|0|53|999|0|0|0|01|18,38|1,65|||0,3|01|18,38|7,6|||1,4|9999||741
C170|28|PRO03132024-50|CABO ENDONDER TP5000 71751-001|1|PC|112,54|0|0|200|5102|512|112,54|17|19,13|0|0|0|0|53|999|0|0|0|01|112,54|1,65|||1,86|01|112,54|7,6|||8,55|9999||742
C170|29|PRO03132025-50|CABO TP5000 CBL-00850|2|PC|278,96|0|0|200|5102|512|278,96|17|47,42|0|0|0|0|53|999|0|0|0|01|278,96|1,65|||4,6|01|278,96|7,6|||21,2|9999||743
C170|30|PRO03132026-50|CABO Z-STAGE TP5000 CBL-00862|2|PC|278,96|0|0|200|5102|512|278,96|17|47,42|0|0|0|0|53|999|0|0|0|01|278,96|1,65|||4,6|01|278,96|7,6|||21,2|9999||744
C170|31|PRO03132028-50|CONECTOR TP5000 50030-003|1|PC|1,41|0|0|200|5102|512|1,41|17|0,24|0|0|0|0|53|999|0|0|0|01|1,41|1,65|||0,02|01|1,41|7,6|||0,11|9999||745
C170|32|PRO03132029-50|CONECTOR TP5000 50030-005|1|PC|29,31|0|0|200|5102|512|29,31|17|4,98|0|0|0|0|53|999|0|0|0|01|29,31|1,65|||0,48|01|29,31|7,6|||2,23|9999||746
C170|33|PRO03132030-50|CONECTOR TP5000 50030-006|1|PC|31,56|0|0|200|5102|512|31,56|17|5,37|0|0|0|0|53|999|0|0|0|01|31,56|1,65|||0,52|01|31,56|7,6|||2,4|9999||747
C170|34|PRO03132033-50|SUPORTE TP5000 50697-001|2|PC|122,66|0|0|200|5102|512|122,66|17|20,85|0|0|0|0|53|999|0|0|0|01|122,66|1,65|||2,02|01|122,66|7,6|||9,32|9999||748
C170|35|PRO03132034-50|SUPORTE 90. TP5000 52286-007|1|PC|56,49|0|0|200|5102|512|56,49|17|9,6|0|0|0|0|53|999|0|0|0|01|56,49|1,65|||0,93|01|56,49|7,6|||4,29|9999||749
C170|36|PRO03132035-50|SUBPLACA TP5000 52290-003|1|PC|178,51|0|0|200|5102|512|178,51|17|30,35|0|0|0|0|53|999|0|0|0|01|178,51|1,65|||2,95|01|178,51|7,6|||13,57|9999||750
C170|37|PRO03132036-50|PLUG M5 TP5000 52294-002|1|PC|1,39|0|0|200|5102|512|1,39|17|0,24|0|0|0|0|53|999|0|0|0|01|1,39|1,65|||0,02|01|1,39|7,6|||0,11|9999||751
C170|38|PRO03132118-50|TAMPA DO FIXADOR 05672-001|1|PC|163,66|0|0|200|5102|512|163,66|17|27,82|0|0|0|0|53|999|0|0|0|01|163,66|1,65|||2,7|01|163,66|7,6|||12,44|9999||752
C170|39|PRO03132119-50|ESPACADOR TUB COVER FAB-04537|5|PC|107,65|0|0|200|5102|512|107,65|17|18,3|0|0|0|0|53|999|0|0|0|01|107,65|1,65|||1,78|01|107,65|7,6|||8,18|9999||753
C170|40|PRO03132120-50|OLEO PARA ROLAMENTO 50365-001|1|PC|29,85|0|0|200|5102|512|29,85|17|5,07|0|0|0|0|53|999|0|0|0|01|29,85|1,65|||0,49|01|29,85|7,6|||2,27|9999||754
C170|41|PRO03132121-50|PAR AJUS ALT LAMIN 50283-006|8|PC|28,32|0|0|200|5102|512|28,32|17|4,81|0|0|0|0|53|999|0|0|0|01|28,32|1,65|||0,47|01|28,32|7,6|||2,15|9999||755
C170|42|PRO03132122-50|PAR AJUS ALT LAMIN 50056-006|1|PC|4,6|0|0|200|5102|512|4,6|17|0,78|0|0|0|0|53|999|0|0|0|01|4,6|1,65|||0,08|01|4,6|7,6|||0,35|9999||756
C170|43|PRO03132123-50|ARRUELA INT DO DENTE WSH-00087|1|PC|5,88|0|0|200|5102|512|5,88|17|1|0|0|0|0|53|999|0|0|0|01|5,88|1,65|||0,1|01|5,88|7,6|||0,45|9999||757
C170|44|PRO03132124-50|HD SSD M600 128GB CMP-01365|3|PC|3097,92|0|0|200|5102|512|3097,92|17|526,65|0|0|0|0|53|999|0|0|0|01|3097,92|1,65|||51,12|01|3097,92|7,6|||235,44|9999||758
C170|45|PRO03132129-50|PLACA ELETRON TP5000 71725-001|1|PC|1206,92|0|0|200|5102|512|1206,92|17|205,18|0|0|0|0|53|999|0|0|0|01|1206,92|1,65|||19,91|01|1206,92|7,6|||91,73|9999||759
C170|46|PRO03132037-50|CONECTOR TP5000 52295-004|1|PC|1,39|0|0|200|5102|512|1,39|17|0,24|0|0|0|0|53|999|0|0|0|01|1,39|1,65|||0,02|01|1,39|7,6|||0,11|9999||760
C170|47|PRO03132038-50|RESPIRADOR TP5000 52302-001|1|PC|1,41|0|0|200|5102|512|1,41|17|0,24|0|0|0|0|53|999|0|0|0|01|1,41|1,65|||0,02|01|1,41|7,6|||0,11|9999||761
C170|48|PRO03132039-50|CONECTOR TP5000 52304-005|2|PC|6,98|0|0|200|5102|512|6,98|17|1,19|0|0|0|0|53|999|0|0|0|01|6,98|1,65|||0,12|01|6,98|7,6|||0,53|9999||762
C170|49|PRO03132040-50|CONECTOR TP5000 52304-010|2|PC|20,56|0|0|200|5102|512|20,56|17|3,5|0|0|0|0|53|999|0|0|0|01|20,56|1,65|||0,34|01|20,56|7,6|||1,56|9999||763
C170|50|PRO03132041-50|COTOVELO TP5000 52305-004|1|PC|8,29|0|0|200|5102|512|8,29|17|1,41|0|0|0|0|53|999|0|0|0|01|8,29|1,65|||0,14|01|8,29|7,6|||0,63|9999||764
C170|51|PRO03132042-50|COTOVELO TP5000 52305-005|1|PC|7,76|0|0|200|5102|512|7,76|17|1,32|0|0|0|0|53|999|0|0|0|01|7,76|1,65|||0,13|01|7,76|7,6|||0,59|9999||765
C170|52|PRO03132043-50|CONECTOR TP5000 52306-001|2|PC|60,18|0|0|200|5102|512|60,18|17|10,23|0|0|0|0|53|999|0|0|0|01|60,18|1,65|||0,99|01|60,18|7,6|||4,57|9999||766
C170|53|PRO03132044-50|COTOVELO TP5000 52308-004|2|PC|62,12|0|0|200|5102|512|62,12|17|10,56|0|0|0|0|53|999|0|0|0|01|62,12|1,65|||1,02|01|62,12|7,6|||4,72|9999||767
C170|54|PRO03132045-50|DOBRADICA TP5000 52407-001|2|PC|51,34|0|0|200|5102|512|51,34|17|8,73|0|0|0|0|53|999|0|0|0|01|51,34|1,65|||0,85|01|51,34|7,6|||3,9|9999||768
C170|55|PRO03132046-50|SENSOR FIBRA TP5000 52426-001|2|PC|1305,38|0|0|200|5102|512|1305,38|17|221,91|0|0|0|0|53|999|0|0|0|01|1305,38|1,65|||21,54|01|1305,38|7,6|||99,21|9999||769
C170|56|PRO03132047-50|PLUG M5 TP5000 52756-001|2|PC|2,82|0|0|200|5102|512|2,82|17|0,48|0|0|0|0|53|999|0|0|0|01|2,82|1,65|||0,05|01|2,82|7,6|||0,21|9999||770
C170|57|PRO03132048-50|CONECTOR TP5000 52758-002|2|PC|31,58|0|0|200|5102|512|31,58|17|5,37|0|0|0|0|53|999|0|0|0|01|31,58|1,65|||0,52|01|31,58|7,6|||2,4|9999||771
C170|58|PRO03132049-50|NIPPLE ADAPT TP5000 52759-001|1|PC|6,26|0|0|200|5102|512|6,26|17|1,06|0|0|0|0|53|999|0|0|0|01|6,26|1,65|||0,1|01|6,26|7,6|||0,48|9999||772
C170|59|PRO03132050-50|SUPORTE TP5000 52872-001|2|PC|2,84|0|0|200|5102|512|2,84|17|0,48|0|0|0|0|53|999|0|0|0|01|2,84|1,65|||0,05|01|2,84|7,6|||0,22|9999||773
C170|60|PRO03132051-50|SUPORTE TP5000 52873-003|2|PC|74,86|0|0|200|5102|512|74,86|17|12,73|0|0|0|0|53|999|0|0|0|01|74,86|1,65|||1,24|01|74,86|7,6|||5,69|9999||774
C170|61|PRO03132052-50|TUBO TP5000 52884-002|2|PC|20,76|0|0|200|5102|512|20,76|17|3,53|0|0|0|0|53|999|0|0|0|01|20,76|1,65|||0,34|01|20,76|7,6|||1,58|9999||775
C170|62|PRO03132053-50|TUBO TP5000 52885-001|2|PC|67,66|0|0|200|5102|512|67,66|17|11,5|0|0|0|0|53|999|0|0|0|01|67,66|1,65|||1,12|01|67,66|7,6|||5,14|9999||776
C170|63|PRO03132054-50|TUBO TP5000 52886-001|2|PC|25,46|0|0|200|5102|512|25,46|17|4,33|0|0|0|0|53|999|0|0|0|01|25,46|1,65|||0,42|01|25,46|7,6|||1,93|9999||777
C170|64|PRO03132055-50|TUBO TP5000 52886-002|2|PC|18,5|0|0|200|5102|512|18,5|17|3,15|0|0|0|0|53|999|0|0|0|01|18,5|1,65|||0,31|01|18,5|7,6|||1,41|9999||778
C170|65|PRO03132056-50|TUBO TP5000 52887-004|3|PC|33,27|0|0|200|5102|512|33,27|17|5,66|0|0|0|0|53|999|0|0|0|01|33,27|1,65|||0,55|01|33,27|7,6|||2,53|9999||779
C170|66|PRO03132057-50|TUBO TP5000 52887-007|1|PC|10,48|0|0|200|5102|512|10,48|17|1,78|0|0|0|0|53|999|0|0|0|01|10,48|1,65|||0,17|01|10,48|7,6|||0,8|9999||780
C170|67|PRO03132058-50|CJ ACESSORIO TP5000 52888-005|1|PC|16,42|0|0|200|5102|512|16,42|17|2,79|0|0|0|0|53|999|0|0|0|01|16,42|1,65|||0,27|01|16,42|7,6|||1,25|9999||781
C170|68|PRO03132059-50|TUBO TP5000 52889-002|2|PC|2,82|0|0|200|5102|512|2,82|17|0,48|0|0|0|0|53|999|0|0|0|01|2,82|1,65|||0,05|01|2,82|7,6|||0,21|9999||782
C170|69|PRO03132061-50|MESA LINEAR TP5000 52998-001|1|PC|973,72|0|0|200|5102|512|973,72|17|165,53|0|0|0|0|53|999|0|0|0|01|973,72|1,65|||16,07|01|973,72|7,6|||74|9999||783
C170|70|PRO03132062-50|CONECTOR TP5000 53019-002|2|PC|16,92|0|0|200|5102|512|16,92|17|2,88|0|0|0|0|53|999|0|0|0|01|16,92|1,65|||0,28|01|16,92|7,6|||1,29|9999||784
C170|71|PRO03132063-50|COTOVELO TP5000 53028-002|2|PC|17,34|0|0|200|5102|512|17,34|17|2,95|0|0|0|0|53|999|0|0|0|01|17,34|1,65|||0,29|01|17,34|7,6|||1,32|9999||785
C170|72|PRO03132064-50|CONECTOR TP5000 53242-001|2|PC|2,82|0|0|200|5102|512|2,82|17|0,48|0|0|0|0|53|999|0|0|0|01|2,82|1,65|||0,05|01|2,82|7,6|||0,21|9999||786
C170|73|PRO03132065-50|ESFERA TP5000 53301-003|2|PC|46,18|0|0|200|5102|512|46,18|17|7,85|0|0|0|0|53|999|0|0|0|01|46,18|1,65|||0,76|01|46,18|7,6|||3,51|9999||787
C170|74|PRO03132066-50|PLACA ELETRON TP5000 71724-001|1|PC|1283,85|0|0|200|5102|512|1283,85|17|218,25|0|0|0|0|53|999|0|0|0|01|1283,85|1,65|||21,18|01|1283,85|7,6|||97,57|9999||788
C170|75|PRO03132067-50|SENSOR VACUO TP5000 ASY-04030|1|PC|311,23|0|0|200|5102|512|311,23|17|52,91|0|0|0|0|53|999|0|0|0|01|311,23|1,65|||5,14|01|311,23|7,6|||23,65|9999||789
C170|76|PRO03132070-50|SENSOR TP5000 71838-001|1|PC|600,71|0|0|200|5102|512|600,71|17|102,12|0|0|0|0|53|999|0|0|0|01|600,71|1,65|||9,91|01|600,71|7,6|||45,65|9999||790
C170|77|PRO03132071-50|MESA PNEUMAT TP5000 71854-001|1|PC|1913,77|0|0|200|5102|512|1913,77|17|325,34|0|0|0|0|53|999|0|0|0|01|1913,77|1,65|||31,58|01|1913,77|7,6|||145,45|9999||791
C170|78|PRO03132072-50|SENSOR TP5000 71893-001|1|PC|159,3|0|0|200|5102|512|159,3|17|27,08|0|0|0|0|53|999|0|0|0|01|159,3|1,65|||2,63|01|159,3|7,6|||12,11|9999||792
C170|79|PRO03132073-50|SENSOR TP5000 71996-001|1|PC|451,79|0|0|200|5102|512|451,79|17|76,8|0|0|0|0|53|999|0|0|0|01|451,79|1,65|||7,45|01|451,79|7,6|||34,34|9999||793
C170|80|PRO03132074-50|TAMPA TP5000 ASY-03410|1|PC|131,83|0|0|200|5102|512|131,83|17|22,41|0|0|0|0|53|999|0|0|0|01|131,83|1,65|||2,18|01|131,83|7,6|||10,02|9999||794
C170|81|PRO03132075-50|GUARRA TP5000 FAB-04462|2|PC|670,82|0|0|200|5102|512|670,82|17|114,04|0|0|0|0|53|999|0|0|0|01|670,82|1,65|||11,07|01|670,82|7,6|||50,98|9999||795
C170|82|PRO03132076-50|TUBO TP5000 FAB-06241|1|PC|35,4|0|0|200|5102|512|35,4|17|6,02|0|0|0|0|53|999|0|0|0|01|35,4|1,65|||0,58|01|35,4|7,6|||2,69|9999||796
C170|83|PRO03132077-50|CARENAGEM TP5000 MME-00869|1|PC|1,39|0|0|200|5102|512|1,39|17|0,24|0|0|0|0|53|999|0|0|0|01|1,39|1,65|||0,02|01|1,39|7,6|||0,11|9999||797
C170|84|PRO03132078-50|EXTENSOR TP5000 PCB-00383|1|PC|503,08|0|0|200|5102|512|503,08|17|85,52|0|0|0|0|53|999|0|0|0|01|503,08|1,65|||8,3|01|503,08|7,6|||38,23|9999||798
C170|85|PRO03132079-50|MOLA EXTENSAO TP5000 FAB-05593|2|PC|20,38|0|0|200|5102|512|20,38|17|3,46|0|0|0|0|53|999|0|0|0|01|20,38|1,65|||0,34|01|20,38|7,6|||1,55|9999||799
C170|86|PRO03132080-50|FILTRO TP5000 05957-001|1|PC|1,88|0|0|200|5102|512|1,88|17|0,32|0|0|0|0|53|999|0|0|0|01|1,88|1,65|||0,03|01|1,88|7,6|||0,14|9999||800
C170|87|PRO03132081-50|CORREIA DENT TP5000 52220-002|1|PC|38,23|0|0|200|5102|512|38,23|17|6,5|0|0|0|0|53|999|0|0|0|01|38,23|1,65|||0,63|01|38,23|7,6|||2,91|9999||801
C170|88|PRO03132082-50|CORREIA DENT TP5000 52220-004|1|PC|105,37|0|0|200|5102|512|105,37|17|17,91|0|0|0|0|53|999|0|0|0|01|105,37|1,65|||1,74|01|105,37|7,6|||8,01|9999||802
C170|89|PRO03132083-50|CORREIA DENT TP5000 52220-005|1|PC|32,75|0|0|200|5102|512|32,75|17|5,57|0|0|0|0|53|999|0|0|0|01|32,75|1,65|||0,54|01|32,75|7,6|||2,49|9999||803
C170|90|PRO03132084-50|CORREIA DENT TP5000 52220-006|1|PC|12,66|0|0|200|5102|512|12,66|17|2,15|0|0|0|0|53|999|0|0|0|01|12,66|1,65|||0,21|01|12,66|7,6|||0,96|9999||804
C170|91|PRO03132085-50|CORREIA DENT TP5000 52220-009|1|PC|35,84|0|0|200|5102|512|35,84|17|6,09|0|0|0|0|53|999|0|0|0|01|35,84|1,65|||0,59|01|35,84|7,6|||2,72|9999||805
C170|92|PRO03132086-50|CORREIA DENT TP5000 MME-00854|1|PC|26,54|0|0|200|5102|512|26,54|17|4,51|0|0|0|0|53|999|0|0|0|01|26,54|1,65|||0,44|01|26,54|7,6|||2,02|9999||806
C170|93|PRO03132087-50|JUNTA PNEUMAT TP5000 52760-001|1|PC|16,43|0|0|200|5102|512|16,43|17|2,79|0|0|0|0|53|999|0|0|0|01|16,43|1,65|||0,27|01|16,43|7,6|||1,25|9999||807
C170|94|PRO03132088-50|CLIPE PLAST TP5000 OEM-00613|2|PC|83,74|0|0|200|5102|512|83,74|17|14,24|0|0|0|0|53|999|0|0|0|06|0|0|||0|06|0|0|||0|9999||808
C170|95|PRO03132089-50|PARAFUSO TP5000 52402-015|5|PC|231,3|0|0|200|5102|512|231,3|17|39,32|0|0|0|0|53|999|0|0|0|01|231,3|1,65|||3,82|01|231,3|7,6|||17,58|9999||809
C170|96|PRO03132090-50|MOLA TP5000 05308-001|4|PC|56,6|0|0|200|5102|512|56,6|17|9,62|0|0|0|0|53|999|0|0|0|01|56,6|1,65|||0,93|01|56,6|7,6|||4,3|9999||810
C170|97|PRO03132091-50|MOLA TENSAO TP5000 52404-002|5|PC|46,2|0|0|200|5102|512|46,2|17|7,85|0|0|0|0|53|999|0|0|0|01|46,2|1,65|||0,76|01|46,2|7,6|||3,51|9999||811
C170|98|PRO03132092-50|LEITOR COD TP5000 40295-001|1|PC|1076,57|0|0|200|5102|512|1076,57|17|183,02|0|0|0|0|53|999|0|0|0|01|1076,57|1,65|||17,76|01|1076,57|7,6|||81,82|9999||812
C170|99|PRO03132093-50|SCANNER CCD TP5000 CMP-01063|2|PC|1896,84|0|0|200|5102|512|1896,84|17|322,46|0|0|0|0|53|999|0|0|0|01|1896,84|1,65|||31,3|01|1896,84|7,6|||144,16|9999||813
C170|100|PRO03132094-50|VALVULA TP5000 52290-002|1|PC|158,61|0|0|200|5102|512|158,61|17|26,96|0|0|0|0|53|999|0|0|0|01|158,61|1,65|||2,62|01|158,61|7,6|||12,05|9999||814
C170|101|PRO03132095-50|VALVULA TP5000 52290-004|1|PC|244,78|0|0|200|5102|512|244,78|17|41,61|0|0|0|0|53|999|0|0|0|01|244,78|1,65|||4,04|01|244,78|7,6|||18,6|9999||815
C170|102|PRO03132096-50|VALVULA TP5000 52301-001|1|PC|205,64|0|0|200|5102|512|205,64|17|34,96|0|0|0|0|53|999|0|0|0|01|205,64|1,65|||3,39|01|205,64|7,6|||15,63|9999||816
C170|103|PRO03132098-50|VALVULA TP5000 53294-012|1|PC|141,64|0|0|200|5102|512|141,64|17|24,08|0|0|0|0|53|999|0|0|0|01|141,64|1,65|||2,34|01|141,64|7,6|||10,76|9999||817
C170|104|PRO03132100-50|TUBULACAO TIGON 50063-005|1|PC|1,38|0|0|200|5102|512|1,38|17|0,23|0|0|0|0|53|999|0|0|0|01|1,38|1,65|||0,02|01|1,38|7,6|||0,1|9999||818
C170|105|PRO03132101-50|FONTE ALIMENTAÇÃO 52272-002|2|PC|5407,6|0|0|200|5102|512|5407,6|17|919,29|0|0|0|0|53|999|0|0|0|01|5407,6|1,65|||89,23|01|5407,6|7,6|||410,98|9999||819
C170|106|PRO03132103-50|ABSORVENTE FILTRO 05995-001|19|PC|1779,73|0|0|200|5102|512|1779,73|17|302,55|0|0|0|0|53|999|0|0|0|01|1779,73|1,65|||29,37|01|1779,73|7,6|||135,26|9999||820
C170|107|PRO03132104-50|ABSORVENTE TAMPA 71921-001|13|PC|1679,34|0|0|200|5102|512|1679,34|17|285,49|0|0|0|0|53|999|0|0|0|01|1679,34|1,65|||27,71|01|1679,34|7,6|||127,63|9999||821
C170|108|PRO03132105-50|TUBULACAO TIGON T2 50063-004|1|PC|3,58|0|0|200|5102|512|3,58|17|0,61|0|0|0|0|53|999|0|0|0|01|3,58|1,65|||0,06|01|3,58|7,6|||0,27|9999||822
C170|109|PRO03132106-50|PLACA CONTROLE PNEUM 71419-001|1|PC|762,57|0|0|200|5102|512|762,57|17|129,64|0|0|0|0|53|999|0|0|0|01|762,57|1,65|||12,58|01|762,57|7,6|||57,96|9999||823
C170|110|PRO03132107-50|PLACA CONTROL COIL 71717-001|1|PC|747,55|0|0|200|5102|512|747,55|17|127,08|0|0|0|0|53|999|0|0|0|01|747,55|1,65|||12,33|01|747,55|7,6|||56,81|9999||824
C170|111|PRO03132108-50|PINO DE TRAVAMENTO 05304-001|1|PC|106,72|0|0|200|5102|512|106,72|17|18,14|0|0|0|0|53|999|0|0|0|01|106,72|1,65|||1,76|01|106,72|7,6|||8,11|9999||825
C170|112|PRO03132109-50|PLACA DE CONTROLE RM-71394-001|1|PC|1610,59|0|0|200|5102|512|1610,59|17|273,8|0|0|0|0|53|999|0|0|0|01|1610,59|1,65|||26,57|01|1610,59|7,6|||122,4|9999||826
C170|113|PRO03132110-50|JUNTA PNEUMATICA TP5 52760-001|1|PC|23,01|0|0|200|5102|512|23,01|17|3,91|0|0|0|0|53|999|0|0|0|01|23,01|1,65|||0,38|01|23,01|7,6|||1,75|9999||827
C170|114|PRO03132112-50|MOTOR Z COMPL.2A T5 ASY-04125|1|PC|2307,13|0|0|200|5102|512|2307,13|17|392,21|0|0|0|0|53|999|0|0|0|01|2307,13|1,65|||38,07|01|2307,13|7,6|||175,34|9999||828
C170|115|PRO03132113-50|CONJ GIRO FRASCT5 RM-ASY-04831|1|PC|596,92|0|0|200|5102|512|596,92|17|101,48|0|0|0|0|53|999|0|0|0|01|596,92|1,65|||9,85|01|596,92|7,6|||45,37|9999||829
C170|116|PRO03132114-50|SOFTWARE V2.0.4 T5 ASY-06612|1|PC|132,22|0|0|200|5102|512|132,22|17|22,48|0|0|0|0|53|999|0|0|0|01|132,22|1,65|||2,18|01|132,22|7,6|||10,05|9999||830
C170|117|PRO03132115-50|MOTOR ABRE AMOST5 RM-72027-001|1|PC|2765|0|0|200|5102|512|2765|17|470,05|0|0|0|0|53|999|0|0|0|01|2765|1,65|||45,62|01|2765|7,6|||210,14|9999||831
C170|118|PRO03132116-50|GUIA EGT AMOS T5 40257-001|2|PC|373,96|0|0|200|5102|512|373,96|17|63,57|0|0|0|0|53|999|0|0|0|01|373,96|1,65|||6,17|01|373,96|7,6|||28,42|9999||832
C170|1|PRO03112051-73|Ampola 2.0 MHU - DU2005 -  9896-055-88868 - Imp|1|PC|43881,53|0|0|600|5102|512|43881,53|4|1755,26|0|0|0|0|53|999|0|0|0|01|43881,53|1,65|||724,05|01|43881,53|7,6|||3335|9999||835
C170|2|PRO03113029-50|Placa PCB-00239 - Importado|1|PC|2557,81|0|0|100|5102|512|2557,81|4|102,31|0|0|0|0|53|999|0|0|0|01|2557,81|1,65|||42,2|01|2557,81|7,6|||194,39|9999||836
C170|3|PRO03113072-50|CABO DO MOTOR ESQUERDO - CBL-01794 - IMP|1|PC|1576,11|0|0|100|5102|512|1576,11|4|63,04|0|0|0|0|53|999|0|0|0|01|1576,11|1,65|||26,01|01|1576,11|7,6|||119,78|1534||837
C170|4|PRO03115109-50|Conjunto Fotocelula AEC - FS4-000-0139 - Importado|4|PC|3235|0|0|100|5102|512|3235|4|129,4|0|0|0|0|53|999|0|0|0|01|3235|1,65|||53,38|01|3235|7,6|||245,86|9999||838
C170|5|PRO03115112-50|Placa Analogica - PCB-00370 - Importado|5|PC|1586,75|0|0|100|5102|512|1586,75|4|63,47|0|0|0|0|53|999|0|0|0|01|1586,75|1,65|||26,18|01|1586,75|7,6|||120,59|9999||839
C170|6|PRO03115154-50|Microprocessador 8D - PCB-00061 - Importado|1|PC|953,78|0|0|100|5102|512|953,78|4|38,15|0|0|0|0|53|999|0|0|0|01|953,78|1,65|||15,74|01|953,78|7,6|||72,49|9999||840
C170|7|PRO03115199-50|Assy Tubehead Control Board - 1-003-0403 - Import|1|PC|514,39|0|0|100|5102|512|514,39|4|20,58|0|0|0|0|53|999|0|0|0|01|514,39|1,65|||8,49|01|514,39|7,6|||39,09|9999||841
C170|8|PRO03115202-50|PLACA MÃE - 1-003-0266 - IMP.|5|PC|10660,3|0|0|100|5102|512|10660,3|4|426,41|0|0|0|0|53|999|0|0|0|01|10660,3|1,65|||175,89|01|10660,3|7,6|||810,18|9999||842
C170|9|PRO03115208-50|Tubo de Raio X Varian M-149 - 2-425-0018 - Imp.|1|PC|30074,84|0|0|100|5102|512|30074,84|4|1202,99|0|0|0|0|53|999|0|0|0|01|30074,84|1,65|||496,23|01|30074,84|7,6|||2285,69|9999||843
C170|10|PRO03115210-50|Motor Cima/Baixo - 3-000-1930 - Imp.|1|PC|4518,3|0|0|100|5102|512|4518,3|4|180,73|0|0|0|0|53|999|0|0|0|01|4518,3|1,65|||74,55|01|4518,3|7,6|||343,39|9999||844
C170|11|PRO03115216-50|INTERRUPTOR DE PRESSÃO - SWC-00018 - IMPORTADO|1|PC|220,78|0|0|100|5102|512|220,78|4|8,83|0|0|0|0|53|999|0|0|0|01|220,78|1,65|||3,64|01|220,78|7,6|||16,78|9999||845
C170|12|PRO03115237-50|Placa de circuito MPRCSR  1-003-0300 - Importado|1|PC|1849,76|0|0|100|5102|512|1849,76|4|73,99|0|0|0|0|53|999|0|0|0|01|1849,76|1,65|||30,52|01|1849,76|7,6|||140,58|9999||846
C170|13|PRO03115271-50|Linear Esquerdo A&SI - 030-2867 - Imp|1|PC|1829,49|0|0|100|5102|512|1829,49|4|73,18|0|0|0|0|53|999|0|0|0|01|1829,49|1,65|||30,19|01|1829,49|7,6|||139,04|9999||847
C170|14|PRO03115294-50|Cabo Abertura do Motor de Sinal 180-0267 - Imp|1|PC|776,6|0|0|100|5102|512|776,6|4|31,06|0|0|0|0|53|999|0|0|0|01|776,6|1,65|||12,81|01|776,6|7,6|||59,02|9999||848
C170|15|PRO03115311-50|Cabeca do Tudbo MPRCSR 1-003-0300|1|PC|954,56|0|0|100|5102|512|954,56|4|38,18|0|0|0|0|53|999|0|0|0|01|954,56|1,65|||15,75|01|954,56|7,6|||72,55|9999||849
C170|16|PRO03115314-50|Placa MOTOR TBHD 1-003-0474 - Imp|1|PC|511,97|0|0|100|5102|512|511,97|4|20,48|0|0|0|0|53|999|0|0|0|01|511,97|1,65|||8,45|01|511,97|7,6|||38,91|9999||850
C170|17|PRO03115315-50|Placa de Controladora BUCKY 1-003-0479 - Imp|1|PC|100,15|0|0|100|5102|512|100,15|4|4,01|0|0|0|0|53|999|0|0|0|01|100,15|1,65|||1,65|01|100,15|7,6|||7,61|9999||851
C170|18|PRO03115326-50|Fonte de Alimentacao D.C 1-451-5023 - Imp|2|PC|883,24|0|0|100|5102|512|883,24|4|35,33|0|0|0|0|53|999|0|0|0|01|883,24|1,65|||14,57|01|883,24|7,6|||67,13|9999||852
C170|19|PRO03115355-50|Controle do Tube BD PCB-00014 - Imp|3|PC|1643,61|0|0|100|5102|512|1643,61|4|65,74|0|0|0|0|53|999|0|0|0|01|1643,61|1,65|||27,12|01|1643,61|7,6|||124,91|9999||853
C170|20|PRO03115371-50|Membrana Teclado 2x3 1-092-0009 - Imp|1|PC|370,87|0|0|100|5102|512|370,87|4|14,83|0|0|0|0|53|999|0|0|0|01|370,87|1,65|||6,12|01|370,87|7,6|||28,19|9999||854
C170|21|PRO03115375-50|Potenciometro 10k 1-195-3024 - Imp|9|PC|2017,71|0|0|100|5102|512|2017,71|4|80,71|0|0|0|0|53|999|0|0|0|01|2017,71|1,65|||33,29|01|2017,71|7,6|||153,35|9999||855
C170|22|PRO03115376-50|Retificador 50A 1-401-0134 - Imp|6|PC|21,66|0|0|100|5102|512|21,66|4|0,87|0|0|0|0|53|999|0|0|0|01|21,66|1,65|||0,36|01|21,66|7,6|||1,65|9999||856
C170|23|PRO03115381-50|Correia de Trasmissao 2-230-4004 - Imp|2|PC|344,54|0|0|100|5102|512|344,54|4|13,78|0|0|0|0|53|999|0|0|0|01|344,54|1,65|||5,68|01|344,54|7,6|||26,19|9999||857
C170|24|PRO03115404-50|Rele SS 48-530 VAC, 90AMP RLY-00001 - Imp|2|PC|265,5|0|0|100|5102|512|265,5|4|10,62|0|0|0|0|53|999|0|0|0|01|265,5|1,65|||4,38|01|265,5|7,6|||20,18|9999||858
C170|25|PRO03115410-50|Placa Controladora VTA - PCB-00154 - Imp|3|PC|14197,5|0|0|100|5102|512|14197,5|4|567,9|0|0|0|0|53|999|0|0|0|01|14197,5|1,65|||234,26|01|14197,5|7,6|||1079,01|9999||859
C170|26|PRO03115412-50|Conjunto Sistema Motor de Compressão - ASY-02722 - Imp|1|PC|1637,99|0|0|100|5102|512|1637,99|4|65,52|0|0|0|0|53|999|0|0|0|01|1637,99|1,65|||27,03|01|1637,99|7,6|||124,49|9999||860
C170|27|PRO03115416-50|Controlador Cabo STLOC II - 1-040-0827 - Imp|1|PC|94,61|0|0|100|5102|512|94,61|4|3,78|0|0|0|0|53|999|0|0|0|01|94,61|1,65|||1,56|01|94,61|7,6|||7,19|9999||861
C170|28|PRO03115419-50|Conjunto Lâmpada - 3-000-3230 - Imp|1|PC|92,79|0|0|100|5102|512|92,79|4|3,71|0|0|0|0|53|999|0|0|0|01|92,79|1,65|||1,53|01|92,79|7,6|||7,05|9999||862
C170|29|PRO03115439-50|Placa de comp. acesso DET - 1-003-0461 - Imp|1|PC|1326,44|0|0|100|5102|512|1326,44|4|53,06|0|0|0|0|53|999|0|0|0|01|1326,44|1,65|||21,89|01|1326,44|7,6|||100,81|9999||863
C170|30|PRO03115451-50|Ponte retificador 40 AMP - 1-401-0135 - Imp|5|PC|15,5|0|0|100|5102|512|15,5|4|0,62|0|0|0|0|53|999|0|0|0|01|15,5|1,65|||0,26|01|15,5|7,6|||1,18|9999||864
C170|31|PRO03115453-50|Correia de engrenagem - 2-230-4005 - Imp|2|PC|234,92|0|0|100|5102|512|234,92|4|9,4|0|0|0|0|53|999|0|0|0|01|234,92|1,65|||3,88|01|234,92|7,6|||17,85|9999||865
C170|32|PRO03115455-50|Correia de caixa de transmissão - 32 PITCH - 2-230-4012 - Imp|1|PC|112,28|0|0|100|5102|512|112,28|4|4,49|0|0|0|0|53|999|0|0|0|01|112,28|1,65|||1,85|01|112,28|7,6|||8,53|9999||866
C170|33|PRO03115481-50|Lâmpada para Selenia MTR EPROM V1.2.0 - ICP-00199 - Imp|1|PC|461,39|0|0|100|5102|512|461,39|4|18,46|0|0|0|0|53|999|0|0|0|01|461,39|1,65|||7,61|01|461,39|7,6|||35,07|9999||867
C170|34|PRO03115505-50|Placa de subst. de campo PN ASY-05058 - Importado|1|PC|3349,56|0|0|100|5102|512|3349,56|4|133,98|0|0|0|0|53|999|0|0|0|01|3349,56|1,65|||55,27|01|3349,56|7,6|||254,57|9999||868
C170|35|PRO03115517-50|Fonte de alimentação HV; 0-3KV; 50KHZ - PWR-00116 - Imp.|1|PC|9131,12|0|0|100|5102|512|9131,12|4|365,24|0|0|0|0|53|999|0|0|0|01|9131,12|1,65|||150,66|01|9131,12|7,6|||693,97|9999||869
C170|36|PRO03115541-50|Placa de controle interface PCB PN 1-003-0518 - Importado|1|PC|597,15|0|0|100|5102|512|597,15|4|23,89|0|0|0|0|53|999|0|0|0|01|597,15|1,65|||9,85|01|597,15|7,6|||45,38|9999||870
C170|37|PRO03115543-50|Teclado USB PN CMP-00213 - Importado|1|PC|755,2|0|0|100|5102|512|755,2|4|30,21|0|0|0|0|53|999|0|0|0|01|755,2|1,65|||12,46|01|755,2|7,6|||57,4|9999||871
C170|38|PRO03115553-50|Placa de acesso PN 1-003-0302-Importado|1|PC|1318,88|0|0|100|5102|512|1318,88|4|52,76|0|0|0|0|53|999|0|0|0|01|1318,88|1,65|||21,76|01|1318,88|7,6|||100,23|9999||872
C170|39|PRO03115580-50|PCI CARD  PN PCB-00640 - Importado|1|PC|1762,35|0|0|100|5102|512|1762,35|4|70,49|0|0|0|0|53|999|0|0|0|01|1762,35|1,65|||29,08|01|1762,35|7,6|||133,94|9999||873
C170|40|PRO03115593-50|Placa de interface PN PCB-00940 - Importado|1|PC|1380,52|0|0|100|5102|512|1380,52|4|55,22|0|0|0|0|53|999|0|0|0|01|1380,52|1,65|||22,78|01|1380,52|7,6|||104,92|9999||874
C170|41|PRO03115649-50|MCP Internal HV Cable PN CBL-00676 - Importado|1|PC|2600,01|0|0|100|5102|512|2600,01|4|104|0|0|0|0|53|999|0|0|0|01|2600,01|1,65|||42,9|01|2600,01|7,6|||197,6|9999||875
C170|42|PRO03115652-50|Protetor de mama PN ASY-03131 ¿ Importado|1|PC|1990,56|0|0|100|5102|512|1990,56|4|79,62|0|0|0|0|53|999|0|0|0|01|1990,56|1,65|||32,84|01|1990,56|7,6|||151,28|9999||876
C170|43|PRO03115666-50|Kit de upgrade FMI - ASY-08608 - Importado|1|PC|623,67|0|0|100|5102|512|623,67|4|24,95|0|0|0|0|53|999|0|0|0|01|623,67|1,65|||10,29|01|623,67|7,6|||47,4|9999||877
C170|44|PRO03115676-50|Engrenagem do motor 24VDC - 2-230-0034  IMP.|1|PC|151,22|0|0|100|5102|512|151,22|4|6,05|0|0|0|0|53|999|0|0|0|01|151,22|1,65|||2,5|01|151,22|7,6|||11,49|9999||878
C170|45|PRO03115681-50|Drive Compressão - ASY-03378 - Imp.|1|PC|13109,4|0|0|100|5102|512|13109,4|4|524,38|0|0|0|0|53|999|0|0|0|01|13109,4|1,65|||216,31|01|13109,4|7,6|||996,31|9999||879
C170|46|PRO03115682-50|Placa de Interface VTA - PCB-00155 - Imp.|1|PC|4446,17|0|0|100|5102|512|4446,17|4|177,85|0|0|0|0|53|999|0|0|0|01|4446,17|1,65|||73,36|01|4446,17|7,6|||337,91|9999||880
C170|47|PRO03115684-50|Rele de Estado Sólido - RLY-00078 - Imp.|1|PC|758,83|0|0|100|5102|512|758,83|4|30,35|0|0|0|0|53|999|0|0|0|01|758,83|1,65|||12,52|01|758,83|7,6|||57,67|9999||881
C170|48|PRO03115699-50|TAMPA DO RECEPTOR DE IMAGEM - ASY-00547 - IMP.|1|PC|3877,18|0|0|100|5102|512|3877,18|4|155,09|0|0|0|0|53|999|0|0|0|01|3877,18|1,65|||63,97|01|3877,18|7,6|||294,67|9999||882
C170|49|PRO03115710-50|FONTE HVPS - SVC-00252 - IMP|1|PC|778,35|0|0|100|5102|512|778,35|4|31,13|0|0|0|0|53|999|0|0|0|01|778,35|1,65|||12,84|01|778,35|7,6|||59,15|9999||883
C170|50|PRO03115716-50|FONTE DC - ASY-02097 - IMP.|1|PC|2792,67|0|0|100|5102|512|2792,67|4|111,71|0|0|0|0|53|999|0|0|0|01|2792,67|1,65|||46,08|01|2792,67|7,6|||212,24|9999||884
C170|51|PRO03115745-50|LAMP, COLLIMATOR-24V, 150W - 1-080-0011 - IMP.|4|PC|10,32|0|0|100|5102|512|10,32|4|0,41|0|0|0|0|53|999|0|0|0|01|10,32|1,65|||0,17|01|10,32|7,6|||0,78|9999||885
C170|52|PRO03115768-50|FUSÍVEL 750 mA 250 V SLOW BLOW - SVC-00217 - IMP.|1|PC|90,16|0|0|100|5102|512|90,16|4|3,61|0|0|0|0|53|999|0|0|0|01|90,16|1,65|||1,49|01|90,16|7,6|||6,85|9999||886
C170|53|PRO03115773-50|CABO DE FIBRA OP 50/125 CBL-00464 - IMP.|1|PC|1277,9|0|0|100|5102|512|1277,9|4|51,12|0|0|0|0|53|999|0|0|0|01|1277,9|1,65|||21,09|01|1277,9|7,6|||97,12|9999||887
C170|54|PRO03115774-50|CONECTOR - SOCK HGS 1 POS MOTHERBOARD CON-00392 - IMP.|2|PC|421,22|0|0|100|5102|512|421,22|4|16,85|0|0|0|0|53|999|0|0|0|01|421,22|1,65|||6,95|01|421,22|7,6|||32,01|9999||888
C170|55|PRO03115775-50|CLIPE - RETAINING BACKPLANE LIGHTRAY MME-00572 - IMP.|1|PC|96,81|0|0|100|5102|512|96,81|4|3,87|0|0|0|0|53|999|0|0|0|01|96,81|1,65|||1,6|01|96,81|7,6|||7,36|9999||889
C170|56|PRO03115778-50|CABO - FEEDBACK INVERTER CBL-01513 - IMP.|1|PC|361,83|0|0|100|5102|512|361,83|4|14,47|0|0|0|0|53|999|0|0|0|01|361,83|1,65|||5,97|01|361,83|7,6|||27,5|9999||890
C170|57|PRO03115783-50|ASY-05025 - CONJUNTO LED/ESPELHO - IMP.|1|PC|8895,85|0|0|100|5102|512|8895,85|4|355,83|0|0|0|0|53|999|0|0|0|01|8895,85|1,65|||146,78|01|8895,85|7,6|||676,08|9999||891
C170|58|PRO03115801-999|POTENCIOMETRO 10T 5K PN 1-195-3053 - IMP|1|PC|340,05|0|0|100|5102|512|340,05|4|13,6|0|0|0|0|53|999|0|0|0|01|340,05|1,65|||5,61|01|340,05|7,6|||25,84|9999||892
C170|59|PRO03115840-50|MICRO SWITCH - Imp|1|PC|129,07|0|0|100|5102|512|129,07|4|5,16|0|0|0|0|53|999|0|0|0|01|129,07|1,65|||2,13|01|129,07|7,6|||9,81|9999||893
C170|60|PRO03115860-50|CORRENTE ROLDANA - 2-230-2006 - IMP.|1|PC|0,52|0|0|100|5102|512|0,52|4|0,02|0|0|0|0|53|999|0|0|0|01|0,52|1,65|||0,01|01|0,52|7,6|||0,04|9999||894
C170|61|PRO03115896-50|MOTOR, ELEVADOR 90VDC MTR-00017 - IMP.|2|PC|371,68|0|0|100|5102|512|371,68|4|14,87|0|0|0|0|53|999|0|0|0|01|371,68|1,65|||6,13|01|371,68|7,6|||28,25|9999||895
C170|62|PRO03115910-50|ASSY, CABLE CARRIER - CBL-00990 - IMP|1|PC|1551,52|0|0|100|5102|512|1551,52|4|62,06|0|0|0|0|53|999|0|0|0|01|1551,52|1,65|||25,6|01|1551,52|7,6|||117,92|1534||896
C170|63|PRO03115916-50|ENCODER AY  - ASY-07100- IMP|1|PC|655,03|0|0|100|5102|512|655,03|4|26,2|0|0|0|0|53|999|0|0|0|01|655,03|1,65|||10,81|01|655,03|7,6|||49,78|1534||897
C170|64|PRO03115926-50|SECURVIEW SVDX - IMPORTADO|1|PC|14833,26|0|0|100|5102|512|14833,26|4|593,33|0|0|0|0|53|999|0|0|0|01|14833,26|1,65|||244,75|01|14833,26|7,6|||1127,33|1534||898
C170|65|PRO03115964-50|MOTOR DE ANGULAÇÃO - 2-320-0037 - IMP|1|PC|3294,75|0|0|100|5102|512|3294,75|4|131,79|0|0|0|0|53|999|0|0|0|01|3294,75|1,65|||54,36|01|3294,75|7,6|||250,4|1534||899
C170|66|PRO03115989-50|PLACA DO PROTETOR FACIAL - PCB-00165 - IMP|3|PC|7862,43|0|0|100|5102|512|7862,43|4|314,5|0|0|0|0|53|999|0|0|0|01|7862,43|1,65|||129,73|01|7862,43|7,6|||597,54|1534||900
C170|67|PRO03115991-50|VENTOINHA - FAN-00033 - IMP|3|PC|950,49|0|0|100|5102|512|950,49|4|38,02|0|0|0|0|53|999|0|0|0|01|950,49|1,65|||15,68|01|950,49|7,6|||72,24|1534||901
C170|68|PRO03115993-50|FUSIVEL 1,5 AMPERES 250 W - 1-070-1263  - IMP|3|PC|151,89|0|0|100|5102|512|151,89|4|6,08|0|0|0|0|53|999|0|0|0|01|151,89|1,65|||2,51|01|151,89|7,6|||11,54|1534||902
C170|69|PRO03115994-50|PINO DO COMPRESSOR - 3-400-0052  - IMP|2|PC|127,94|0|0|100|5102|512|127,94|4|5,12|0|0|0|0|53|999|0|0|0|01|127,94|1,65|||2,11|01|127,94|7,6|||9,72|1534||903
C170|70|PRO03121196-44|PO INSERÇÃO FÊMEA MC4/MC4.1 - 290192 - IMP|1|PC|1348,12|0|0|100|5102|512|1348,12|4|53,92|0|0|0|0|53|999|0|0|0|01|1348,12|1,65|||22,24|01|1348,12|7,6|||102,46|1534||904
C170|71|PRO03128006-50|Printer keypad board PN 1-003-0523 - Importado|2|UN|1865,72|0|0|100|5102|512|1865,72|4|74,63|0|0|0|0|53|999|0|0|0|01|1865,72|1,65|||30,78|01|1865,72|7,6|||141,79|9999||905
C170|72|PRO03128010-50|Cabo de filamentos PN 1-040-0687 - Importado|1|UN|934,24|0|0|100|5102|512|934,24|4|37,37|0|0|0|0|53|999|0|0|0|01|934,24|1,65|||15,41|01|934,24|7,6|||71|9999||906
C170|73|PRO03128015-50|Placa digital PN 1-003-0242 - Importado|4|UN|788,48|0|0|100|5102|512|788,48|4|31,54|0|0|0|0|53|999|0|0|0|01|788,48|1,65|||13,01|01|788,48|7,6|||59,92|9999||907
C170|74|PRO03128059-50|PLACA DE CONTROLE DE ESTAGIO DO BRAÇO  - PCB-01038 - IMP|1|UN|6811,85|0|0|100|5102|512|6811,85|4|272,47|0|0|0|0|53|999|0|0|0|01|6811,85|1,65|||112,4|01|6811,85|7,6|||517,7|1534||908
C170|1|PRO03133102-50|ASY-07398 - GRADE DO FILTRO DE DEJETOS - IMPORTADO|1|PC|1195,99|0|0|600|5102|512|1195,99|4|47,84|0|0|0|0|53|999|0|0|0|01|1195,99|1,65|||19,73|01|1195,99|7,6|||90,9|1534||912
C170|2|PRO03133103-50|ASY-09446 - CHAVE DE INSTALAÇÃO DE SOFTWARE - IMPORTADO|1|PC|565,73|0|0|600|5102|512|565,73|4|22,63|0|0|0|0|53|999|0|0|0|01|565,73|1,65|||9,33|01|565,73|7,6|||43|1534||913
C170|3|PRO03133020-50|P/N: 50061-001  TAPETE DE SEGURANÇA LOCTITE 1 X 5ML (THREADLOCKER; LOCTITE 222) - IMP|5|PC|513,25|0|0|600|5102|512|513,25|4|20,53|0|0|0|0|53|999|0|0|0|01|513,25|1,65|||8,47|01|513,25|7,6|||39,01|1534||914
C170|4|PRO03133027-50|P/N: PCB-01286   SOFTWARE (DRIVE) DA PLACA T2000 (ROHS; MECH DRIVER BOARD TP-2000) ¿ IMP|1|PC|2269,56|0|0|600|5102|512|2269,56|4|90,78|0|0|0|0|53|999|0|0|0|01|2269,56|1,65|||37,45|01|2269,56|7,6|||172,49|1534||915
C170|5|PRO03133032-50|P/N: 70025-001  ALAVANCA DA CABEÇA (HEAD LEVER ASSY) - IMP|1|PC|253,53|0|0|600|5102|512|253,53|4|10,14|0|0|0|0|53|999|0|0|0|01|253,53|1,65|||4,18|01|253,53|7,6|||19,27|1534||916
C170|6|PRO03133037-50|P/N: 70058-001   SELO DO HD OPTICO T2000 (STP2000 HD SEAL OPTSW ASSY) - IMP|2|PC|465,98|0|0|600|5102|512|465,98|4|18,64|0|0|0|0|53|999|0|0|0|01|465,98|1,65|||7,69|01|465,98|7,6|||35,41|1534||917
C170|7|PRO03133038-50|P/N: 70059-001  ALAVANCA DE MANIPULAÇÃO T2000 (TP-2000 SL HANDLER OPT. SWITCH ASSY ) - IMP|1|PC|21,23|0|0|600|5102|512|21,23|4|0,85|0|0|0|0|53|999|0|0|0|01|21,23|1,65|||0,35|01|21,23|7,6|||1,61|1534||918
C170|8|PRO03133039-50|P/N: 70061-001  ALAVANCA OPTICA PARA T2000 (TP2000 S/H EDT OPTSW ASSY) - IMP|2|PC|35,76|0|0|600|5102|512|35,76|4|1,43|0|0|0|0|53|999|0|0|0|01|35,76|1,65|||0,59|01|35,76|7,6|||2,72|1534||919
C170|9|PRO03133040-50|P/N: 70065-001   FILTRO TP2000 (TP2000 FILTER CAP SWITCH ASSY) - IMP|1|PC|20,15|0|0|600|5102|512|20,15|4|0,81|0|0|0|0|53|999|0|0|0|01|20,15|1,65|||0,33|01|20,15|7,6|||1,53|1534||920
C170|10|PRO03133044-50|P/N: 71950-001   KIT DE VALVULAS (KIT; VALVE QTO) - IMP|1|PC|1114,17|0|0|600|5102|512|1114,17|4|44,57|0|0|0|0|53|999|0|0|0|01|1114,17|1,65|||18,38|01|1114,17|7,6|||84,68|1534||921
C170|11|PRO03133069-50|SSD IMAGED - ASY-06046 - IMPORTADO|1|PC|1125,81|0|0|600|5102|512|1125,81|4|45,03|0|0|0|0|53|999|0|0|0|01|1125,81|1,65|||18,58|01|1125,81|7,6|||85,56|1534||922
C170|12|PRO03133071-50|SENSOR DO FILTRO - 71659-001 - IMPORTADO|1|PC|170,93|0|0|600|5102|512|170,93|4|6,84|0|0|0|0|53|999|0|0|0|01|170,93|1,65|||2,82|01|170,93|7,6|||12,99|1534||923
C170|13|PRO03133078-50|SEAL FILTER T5000  - 05952-001 - IMP|2|PC|211,76|0|0|600|5102|512|211,76|4|8,47|0|0|0|0|53|999|0|0|0|01|211,76|1,65|||3,49|01|211,76|7,6|||16,09|1534||924
C170|14|PRO03133085-50|PN RM-71963-001 - LED DE RESERVA - IMPORT|1|PC|501,53|0|0|600|5102|512|501,53|4|20,06|0|0|0|0|53|999|0|0|0|01|501,53|1,65|||8,28|01|501,53|7,6|||38,12|1534||925
C170|15|PRO56007006-70|Pistola Megacore -Profundidade de Penetração 25mm B-T070022 - Imp|1|UN|2903,34|0|0|100|5102|512|2903,34|4|116,13|0|0|0|0|53|999|0|0|0|06|0|0|||0|06|0|0|||0|9999||926
C170|16|PRO03133120-50|50089-001 - CABO DE ALIMENTAÇÃO - IMP|1|PC|163,31|0|0|100|5102|512|163,31|4|6,53|0|0|0|0|53|999|0|0|0|01|163,31|1,65|||2,69|01|163,31|7,6|||12,41|1534||927
C170|17|PRO03133123-50|70028-001 - TUBULAÇÃO COMPLETA DO FRASCO DE ESGOTO ACESSÓRIO - IMP|2|PC|1474,88|0|0|100|5102|512|1474,88|4|59|0|0|0|0|53|999|0|0|0|01|1474,88|1,65|||24,34|01|1474,88|7,6|||112,09|1534||928
C170|18|PRO03133134-50|PLACA DE CONTROLE - MEL-00562 - IMP|1|PC|9305,79|0|0|100|5102|512|9305,79|4|372,23|0|0|0|0|53|999|0|0|0|01|9305,79|1,65|||153,55|01|9305,79|7,6|||707,24|1534||929
C170|19|PRO03133180-50|ANEL DE VEDAÇÃO - MME-03162 - IMP|4|PC|132,44|0|0|100|5102|512|132,44|4|5,3|0|0|0|0|53|999|0|0|0|01|132,44|1,65|||2,19|01|132,44|7,6|||10,07|1534||930
C170|20|PRO03133188-50|PARAFUSO MODULO LAMINA T2 - 50052-004 - IMP|4|PC|214,52|0|0|600|5102|512|214,52|4|8,58|0|0|0|0|53|999|0|0|0|01|214,52|1,65|||3,54|01|214,52|7,6|||16,3|1534||931
C170|21|PRO03133189-50|ARRUELA MODULO LAMINA T2 - 50059-002 - IMP|4|PC|409,68|0|0|600|5102|512|409,68|4|16,39|0|0|0|0|53|999|0|0|0|01|409,68|1,65|||6,76|01|409,68|7,6|||31,14|1534||932
C170|22|PRO03133190-50|PORCA MODULO LAMINA T2 - 50060-002 - IMP|4|PC|409,68|0|0|600|5102|512|409,68|4|16,39|0|0|0|0|53|999|0|0|0|01|409,68|1,65|||6,76|01|409,68|7,6|||31,14|1534||933
C170|23|PRO03133191-50|BRACADEIRA MEDIA T2 - 50070-002 - IMP|3|PC|160,89|0|0|600|5102|512|160,89|4|6,44|0|0|0|0|53|999|0|0|0|01|160,89|1,65|||2,65|01|160,89|7,6|||12,23|1534||934
C170|24|PRO03133192-50|BRACADEIRA GRANDE T2 - 50070-003 - IMP|2|PC|107,26|0|0|600|5102|512|107,26|4|4,29|0|0|0|0|53|999|0|0|0|01|107,26|1,65|||1,77|01|107,26|7,6|||8,15|1534||935
C170|25|PRO03133194-50|PEGADOR LAMINA T5 - 71384-001S - IMP|1|PC|6472,31|0|0|600|5102|512|6472,31|4|258,89|0|0|0|0|53|999|0|0|0|01|6472,31|1,65|||106,79|01|6472,31|7,6|||491,9|1534||936
C170|26|PRO03135006-50|CORREIA DA GRADE - 2-230-3027 - IMP|1|PC|287,7|0|0|100|5102|512|287,7|4|11,51|0|0|0|0|53|999|0|0|0|01|287,7|1,65|||4,75|01|287,7|7,6|||21,87|1534||937
C170|27|PRO03135029-50|ATUALIZAÇÃO DE SOFTWARE - ASY-11041 - IMP|1|PC|80008,39|0|0|140|5102|512|0|0|0|0|0|0|0|53|999|0|0|0|01|80008,39|1,65|||1320,14|01|80008,39|7,6|||6080,64|1534||938
C170|28|PRO03135049-50|PAINEL CONTROLE DISCOVERY 7 C/W - 030-3171 - IMP|1|PC|5791,62|0|0|100|5102|512|5791,62|4|231,66|0|0|0|0|53|999|0|0|0|01|5791,62|1,65|||95,56|01|5791,62|7,6|||440,16|1534||939
C170|1|PRO03003052-999|IMPRESSORA HP OFFICEJET 8210 PRO|1|PC|1000|0|0|400|5102|51200|1000|17|170|0|0|0|0|53|999|0|0|0|01|1000|1,65|||16,5|01|1000|7,6|||76|1534||944
C170|2|PRO03005184-999|NOBREAK TITAN PRO 3KVA|1|PC|2450|0|0|300|5102|51200|2450|17|416,5|0|0|0|0|53|999|0|0|0|01|2450|1,65|||40,43|01|2450|7,6|||186,2|1534||945
C170|1|PRO01223003-50|DENSITÔMETRO ÓSSEO HORIZON WI|1|UN|159900|0|0|700|5102|51200|159900|17|27183|0|0|0|0|53|999|0|0|0|01|159900|1,65|||2638,35|01|159900|7,6|||12152,4|1532||950
C170|2|PRO03223009-50|SOFTWARE PARA DENSITOMETRIA OSSEA|1|PC|106600|0|0|140|5102|51200|0|0|0|0|0|0|0|53|999|0|0|0|01|106600|1,65|||1758,9|01|106600|7,6|||8101,6|1534||951
C170|3|PRO03225007-50|CAIXA PLASTICA CONTENDO CD ROOM|1|PC|50|0|0|200|5102|51200|50|17|8,5|0|0|0|0|53|999|0|0|0|01|50|1,65|||0,83|01|50|7,6|||3,8|1534||952
C170|1|PRO03007131-45|Tube Power Generator 110V - PN 662051|3|PC|37,5|0|0|000|5102|512|37,5|17|6,38|0|0|0|0|53|999|0|0|0|01|37,5|1,65|||0,62|01|37,5|7,6|||2,85|9999||960
C170|1|PRO03019571-50|Placa VTA -  4000100102|1|PC|968,82|0|0|200|5102|512|968,82|17|164,7|0|0|0|0|53|999|0|0|0|01|968,82|1,65|||15,99|01|968,82|7,6|||73,63|9999||963
C170|1|PRO03135016-50|CAIXA PLASTICA COM CD ROOM - IMP|1|PC|50|0|0|100|5102|51200|50|17|8,5|0|0|0|0|53|999|0|0|0|01|50|1,65|||0,83|01|50|7,6|||3,8|1534||967
C170|2|PRO03127003-999|DETECTOR IMEX MARS1417V-TSI  - CSL - IMP|1|PC|92444|0|0|600|5102|51200|92444|17|15715,48|0|0|0|0|53|999|0|0|0|01|92444|1,65|||1525,33|01|92444|7,6|||7025,74|9999||968
C170|3|PRO03127016-999|SOFTWARE IDEMO IRAY - IMP|1|PC|138666|0|0|140|5102|51200|0|0|0|0|0|0|0|53|999|0|0|0|01|138666|1,65|||2287,99|01|138666|7,6|||10538,62|1534||969
